labels,sensibilidades,especificidades
0,0.7642326732673267,0.9756586314610715
1,0.5704947258951122,0.8594446094446094
2,0.4338933528122717,0.9775358470525757
3,0.3056197074672825,0.9185714285714286
4,0.5860629415542711,0.9594381035996488
5,0.56757970363718,0.7723721816449667
