labels,sensibilidades,especificidades
0,0.4183434721572298,0.8898793046174288
1,0.0,0.6211840888066605
2,0.0,0.9496509728204366
3,0.0,0.9041536709738106
4,0.0,0.875340363384326
5,0.07532507501731169,0.28728131074701474
