labels,sensibilidades,especificidades
0,0.43874805117143284,0.7242460724912002
1,0.0,0.8239026938640583
2,0.42739357885536117,0.8378181027250412
3,0.0,0.9550820505949044
4,0.38641437544030244,0.8563419549882432
5,0.02802668117145229,0.9185783601795616
