labels,sensibilidades,especificidades
0,0.6809759110562076,0.9600259418666353
1,0.6874393321685109,0.8543328017012227
2,0.42607610729881473,0.9820391482039148
3,0.3188405797101449,0.9268106457242583
4,0.5351749539594843,0.9390871654083733
5,0.7130929117072304,0.8560054907343857
