labels,sensibilidades,especificidades
0,0.10984770528915415,0.9850001002667095
1,0.5939849624060151,0.7096486477877234
2,0.5792592592592593,0.9908783586874162
3,0.011584827991767127,0.6537726108072967
4,0.5355364418288818,0.9801025427012847
5,0.8852990068624526,0.9626979625670782
