labels,sensibilidades,especificidades
0,0.4633583381419504,0.9236837387198948
1,0.547953131780703,0.8536052988107783
2,0.0,0.9496509728204366
3,0.0,0.9041536709738106
4,0.4385517593064763,0.9090909090909091
5,0.5887517495864614,0.8796596434359806
