labels,sensibilidades,especificidades
0,0.4981433876035418,0.9317882381123488
1,0.6081830790568654,0.845818030628508
2,0.178,0.9528910096959237
3,0.060498220640569395,0.9031420278046545
4,0.415622267560478,0.9348759541984732
5,0.6544974366941122,0.8620113355616916
